Zip Code,City,County
90620,Buena Park,Orange County
90621,Buena Park,Orange County
90622,Buena Park,Orange County
90623,Buena Park,Orange County
90623,La Palma,Orange County
90624,Buena Park,Orange County
90630,Cypress,Orange County
90631,La Habra,Orange County
90631,La Habra Heights,Orange County
90632,La Habra,Orange County
90633,La Habra,Orange County
90680,Stanton,Orange County
90720,Rossmoor,Orange County
90720,Los Alamitos,Orange County
90721,Los Alamitos,Orange County
90740,Seal Beach,Orange County
90742,Sunset Beach,Orange County
90743,Surfside,Orange County
92602,Irvine,Orange County
92603,Irvine,Orange County
92604,Irvine,Orange County
92605,Huntington Beach,Orange County
92606,Irvine,Orange County
92607,Laguna Beach,Orange County
92607,Laguna Niguel,Orange County
92609,El Toro,Orange County
92609,Lake Forest,Orange County
92610,El Toro,Orange County
92610,Foothill Ranch,Orange County
92612,Irvine,Orange County
92614,Irvine,Orange County
92615,Huntington Beach,Orange County
92616,Irvine,Orange County
92618,Irvine,Orange County
92619,Irvine,Orange County
92620,Irvine,Orange County
92623,Irvine,Orange County
92624,Capistrano Beach,Orange County
92624,Dana Point,Orange County
92625,Corona Del Mar,Orange County
92626,Costa Mesa,Orange County
92627,Costa Mesa,Orange County
92628,Costa Mesa,Orange County
92629,Monarch Bay,Orange County
92629,Monarch Beach,Orange County
92629,Dana Point,Orange County
92630,El Toro,Orange County
92630,Lake Forest,Orange County
92637,Laguna Hills,Orange County
92646,Huntington Beach,Orange County
92647,Huntington Beach,Orange County
92648,Huntington Beach,Orange County
92649,Huntington Beach,Orange County
92650,East Irvine,Orange County
92650,Irvine,Orange County
92651,Laguna Beach,Orange County
92652,Laguna Beach,Orange County
92653,Laguna Woods,Orange County
92653,Aliso Viejo,Orange County
92653,Laguna Beach,Orange County
92653,Laguna Hills,Orange County
92654,Laguna Woods,Orange County
92654,Laguna Beach,Orange County
92654,Laguna Hills,Orange County
92655,Midway City,Orange County
92656,Aliso Viejo,Orange County
92656,Laguna Beach,Orange County
92656,Laguna Hills,Orange County
92657,Newport Coast,Orange County
92657,Newport Beach,Orange County
92658,Newport Beach,Orange County
92659,Newport Beach,Orange County
92660,Newport Beach,Orange County
92661,Newport Beach,Orange County
92662,Newport Beach,Orange County
92663,Newport Beach,Orange County
92672,San Clemente,Orange County
92673,San Clemente,Orange County
92674,San Clemente,Orange County
92675,Mission Viejo,Orange County
92675,San Juan Capistrano,Orange County
92676,Silverado,Orange County
92677,Laguna Beach,Orange County
92677,Laguna Niguel,Orange County
92678,Trabuco,Orange County
92679,Coto De Caza,Orange County
92679,Dove Canyon,Orange County
92679,Portola Hills,Orange County
92679,Robinson Ranch,Orange County
92679,Trabuco Cyn,Orange County
92679,Trabuco,Orange County
92683,Westminster,Orange County
92684,Westminster,Orange County
92685,Westminster,Orange County
92688,Rancho Santa Margarita,Orange County
92690,Mission Viejo,Orange County
92690,San Juan Capistrano,Orange County
92691,Mission Viejo,Orange County
92691,San Juan Capistrano,Orange County
92692,Mission Viejo,Orange County
92692,San Juan Capistrano,Orange County
92693,San Juan Capistrano,Orange County
92694,Ladera Ranch,Orange County
92694,Mission Viejo,Orange County
92701,Santa Ana,Orange County
92702,Santa Ana,Orange County
92703,Santa Ana,Orange County
92704,Santa Ana,Orange County
92705,Cowan Heights,Orange County
92705,Santa Ana,Orange County
92706,Santa Ana,Orange County
92707,Santa Ana,Orange County
92708,Fountain Valley,Orange County
92708,Santa Ana,Orange County
92711,Santa Ana,Orange County
92712,Santa Ana,Orange County
92728,Fountain Valley,Orange County
92728,Santa Ana,Orange County
92735,Santa Ana,Orange County
92780,Tustin,Orange County
92781,Tustin,Orange County
92782,Tustin,Orange County
92799,Santa Ana,Orange County
92801,Anaheim,Orange County
92802,Anaheim,Orange County
92803,Anaheim,Orange County
92804,Anaheim,Orange County
92805,Anaheim,Orange County
92806,Anaheim,Orange County
92807,Anaheim,Orange County
92808,Anaheim,Orange County
92809,Anaheim,Orange County
92811,Atwood,Orange County
92812,Anaheim,Orange County
92814,Anaheim,Orange County
92815,Anaheim,Orange County
92816,Anaheim,Orange County
92817,Anaheim,Orange County
92821,Brea,Orange County
92822,Brea,Orange County
92823,Brea,Orange County
92825,Anaheim,Orange County
92831,Fullerton,Orange County
92832,Fullerton,Orange County
92833,Fullerton,Orange County
92834,Fullerton,Orange County
92835,Fullerton,Orange County
92836,Fullerton,Orange County
92837,Fullerton,Orange County
92838,Fullerton,Orange County
92840,Garden Grove,Orange County
92841,Garden Grove,Orange County
92842,Garden Grove,Orange County
92843,Garden Grove,Orange County
92844,Garden Grove,Orange County
92845,Garden Grove,Orange County
92846,Garden Grove,Orange County
92856,Orange,Orange County
92857,Orange,Orange County
92859,Orange,Orange County
92861,Orange,Orange County
92861,Villa Park,Orange County
92862,Orange,Orange County
92863,Orange,Orange County
92864,Orange,Orange County
92865,Orange,Orange County
92866,Orange,Orange County
92867,Orange,Orange County
92867,Villa Park,Orange County
92868,Orange,Orange County
92869,Orange,Orange County
92870,Placentia,Orange County
92871,Placentia,Orange County
92885,Yorba Linda,Orange County
92886,Yorba Linda,Orange County
92887,Yorba Linda,Orange County
92899,Anaheim,Orange County